{"minYear": 2010, "maxYear": 2022, "modeYear": 2013, "minSalePrice": 10000, "maxSalePrice": 50000, "averageSalePrice": 30014.3945008, "deviationSalePrice": 11539.326657437125, "minCommissionRate": 0.0500001359597471, "maxCommissionRate": 0.1499996589068419, "averageCommissionRate": 0.09996718378874622, "deviationCommissionRate": 0.028859767005542335, "minCommissionEarned": 503.33, "maxCommissionEarned": 7494.53, "averageCommissionEarned": 3000.640217744, "deviationCommissionEarned": 1480.836947668269, "bestSales": {"Michael Smith": 307, "Michael Johnson": 232, "David Smith": 206, "Michael Williams": 200, "James Smith": 196, "Jennifer Smith": 193, "Robert Smith": 185, "Christopher Smith": 182, "Michael Brown": 169, "Michael Jones": 166}, "bestCustomers": {"Michael Smith": 310, "Michael Johnson": 221, "James Smith": 212, "Michael Jones": 203, "Robert Smith": 196, "Jennifer Smith": 196, "John Smith": 195, "Michael Williams": 188, "David Smith": 173, "Christopher Smith": 170}, "bestCarMakers": {"Chevrolet": 125230, "Ford": 125209, "Toyota": 124954, "Honda": 124884, "Nissan": 124723}, "bestCarModels": {"Chevrolet": 125230, "Ford": 125209, "Toyota": 124954, "Honda": 124884, "Nissan": 124723}}