{"minYear": 2010, "maxYear": 2022, "modeYear": 2013, "minSalePrice": 10000, "maxSalePrice": 50000, "averageSalePrice": 30014.3945008, "deviationSalePrice": 11539.326657437125, "minCommissionRate": 0.0500001359597471, "maxCommissionRate": 0.1499996589068419, "averageCommissionRate": 0.09996718378874622, "deviationCommissionRate": 0.028859767005542335, "minCommissionEarned": 503.33, "maxCommissionEarned": 7494.53, "averageCommissionEarned": 3000.640217744, "deviationCommissionEarned": 1480.836947668269, "bestSaler": "Michael Smith", "bestCustomer": "Michael Smith", "bestCarMaker": "Chevrolet", "bestCarModel": "Silverado"}