{"sum": 382652, "avr": 566.0532544378698, "sumMD": 13153, "avrMD": 545.8461538461538, "sumSD": 14192, "avrSD": 545.8461538461538, "max": 997, "min": 100}